{
  "type": "object",
  "title": "StaggeredOrdersTradingMode",
  "properties": {
    "pair_settings": {
        "type": "array",
        "title": "Configuration for each traded pairs",
        "uniqueItems": true,
        "minItems": 1,
        "items": {
            "type": "object",
            "title": "Pair configuration",
            "properties": {
              "pair": {
                "type": "string",
                "options": {
                  "inputAttributes": {
                    "placeholder":  "BTC/USDT"
                  }
                },
                "title": "Name of the traded pair.",
                "minLength": 3,
                "pattern": "[a-zA-Z]{2,}\\/[a-zA-Z]{2,}"
              },
              "mode": {
                "type": "string",
                "format": "select2",
                "minItems": 1,
                "title": "Mode: way to allocate funds in created orders.",
                "default": "neutral",
                "enum": ["neutral", "flat", "mountain", "valley", "sell slope", "buy slope"]
              },
              "spread_percent": {
                "type": "number",
                "title": "Spread: price difference between buy and sell orders: percent of the current price to use as spread (difference between highest buy and lowest sell).",
                "minimum": 0,
                "exclusiveMinimum": true
              },
              "increment_percent": {
                "type": "number",
                "title": "Increment: price difference between grid orders: percent of the current price to use as increment between orders. WARNING: this should to be lower than the Spread value: profitability is close to Spread-Increment.",
                "minimum": 0,
                "exclusiveMinimum": true
              },
              "lower_bound": {
                "type": "number",
                "title": "Lower bound: lower limit of the grid: minimum price to start placing buy orders from: lower limit of the grid.",
                "minimum": 0,
                "exclusiveMinimum": true
              },
              "upper_bound": {
                "type": "number",
                "title": "Upper bound: upper limit of the grid: maximum price to stop placing sell orders from.",
                "minimum": 0,
                "exclusiveMinimum": true
              },
              "operational_depth": {
                "type": "number",
                "title": "Operational depth: maximum number of orders to be maintained on exchange.",
                "minimum": 1,
                "multipleOf": 1.0,
                "exclusiveMinimum": true
              },
              "mirror_order_delay": {
                  "title": "[Optional] Mirror order delay: Seconds to wait for before creating a mirror order when an order is filled. This can generate extra profits on quick market moves.",
                  "type": "number",
                  "minimum": 0,
                  "default": 0
              },
              "reinvest_profits": {
                "type": "boolean",
                "format": "checkbox",
                "title": "Reinvest profits: when checked, profits will be included in mirror orders resulting in maximum size mirror orders. When unchecked, a part of the total volume will be reduced to take exchange fees into account.",
                "default": false
              },
              "use_existing_orders_only": {
                "type": "boolean",
                "format": "checkbox",
                "title": "Use existing orders only: when checked, new orders will only be created upon pre-existing orders fill. OctoBot won't create orders at startup: it will use the ones already on exchange instead. This mode allows staggered orders to operate on user created orders. Can't work on trading simulator.",
                "default": false
              }
            }
        }
    }
  }
}