{
  "type": "object",
  "title": "DipAnalyserStrategyEvaluator",
  "properties": {
    "required_time_frames": {
        "type": "array",
        "format": "select2",
        "title": "Analysed time frame: only the first one will be considered for DipAnalyserStrategyEvaluator.",
        "uniqueItems": true,
        "minItems": 1,
        "maxItems": 1,
        "items": {
            "title": "Time frame",
            "type": "string",
            "default": "4h",
            "enum": ["15m", "30m", "1h", "2h", "4h", "6h", "8h", "12h", "1d", "3d", "1w", "1M"]
        }
    }
  }
}