{
  "type": "object",
  "title": "InstantFluctuationsEvaluator",
  "properties": {
    "price_difference_threshold_percent": {
        "title": "Price threshold: price difference in percent from which to trigger a notification.",
        "type": "number",
        "minimum": 0,
        "options": {
          "inputAttributes": {
            "placeholder":  0.05
          }
        },
        "required": true
    },
    "volume_difference_threshold_percent": {
        "title": "Volume threshold: volume difference in percent from which to trigger a notification.",
        "type": "number",
        "minimum": 0,
        "options": {
          "inputAttributes": {
            "placeholder":  50
          }
        },
        "required": true
    },
    "time_frame": {
        "title": "Time frame: The time frame to observe in order to spot changes.",
        "type": "string",
        "enum": ["1m", "3m", "5m", "15m", "30m", "1h", "2h", "4h", "6h", "8h", "12h", "1d", "3d", "1w", "1M"],
        "required": true
    }
  }
}