{
  "required_strategies": [],
  "pair_settings": [
    {
      "pair": "BTC/USDT",
      "flat_spread": 2000,
      "flat_increment": 1000,
      "buy_orders_count": 25,
      "sell_orders_count": 25,
      "sell_funds": 0,
      "buy_funds": 0,
      "starting_price": 0,
      "buy_volume_per_order": 0,
      "sell_volume_per_order": 0,
      "reinvest_profits": false,
      "use_fixed_volume_for_mirror_orders": false,
      "mirror_order_delay": 0,
      "use_existing_orders_only": false
    },
    {
      "pair": "ADA/ETH",
      "flat_spread": 0.00002,
      "flat_increment": 0.00001,
      "buy_orders_count": 25,
      "sell_orders_count": 25,
      "sell_funds": 0,
      "buy_funds": 0,
      "starting_price": 0,
      "buy_volume_per_order": 0,
      "sell_volume_per_order": 0,
      "reinvest_profits": false,
      "use_fixed_volume_for_mirror_orders": false,
      "mirror_order_delay": 0,
      "use_existing_orders_only": false
    },
    {
      "pair": "ETH/USDT",
      "flat_spread": 10,
      "flat_increment": 5,
      "buy_orders_count": 25,
      "sell_orders_count": 25,
      "sell_funds": 0,
      "buy_funds": 0,
      "starting_price": 0,
      "buy_volume_per_order": 0,
      "sell_volume_per_order": 0,
      "reinvest_profits": false,
      "use_fixed_volume_for_mirror_orders": false,
      "mirror_order_delay": 0,
      "use_existing_orders_only": false
    }
  ]
}