{
  "type": "object",
  "title": "FullMixedStrategiesEvaluator",
  "properties": {
    "time_frames_to_weight": {
        "type": "array",
        "title": "Analysed time frames and their associated weight.",
        "uniqueItems": true,
        "minItems": 1,
        "items": {
          "type": "object",
          "title": "Time frame",
          "properties": {
            "time_frame": {
              "title": "Time frame",
              "type": "string",
              "format": "select2",
              "default": "1h",
              "enum": [
                "1m",
                "3m",
                "5m",
                "15m",
                "30m",
                "1h",
                "2h",
                "4h",
                "6h",
                "8h",
                "12h",
                "1d",
                "3d",
                "1w",
                "1M"
              ]
            },
            "weight": {
              "title": "Weight of this time frame. This is a multiplier: 0 means this time frame is ignored, 100 means it's 100 times more impactful than another time frame with a weight of 1.",
              "type": "number",
              "default": 1,
              "minimum": 0,
              "maximum": 100
            }
          }
        }
    }
  }
}